{
  "app/components/LazyLoaders.tsx -> ./Contact": {
    "id": 905,
    "files": [
      "static/chunks/937-512d4e0d6832c855.js",
      "static/chunks/181.955518b499966c82.js",
      "static/chunks/724.d1b5a36fa1c8ca57.js",
      "static/chunks/369.79700cc1fdd6a47d.js",
      "static/chunks/905.58bc3ab3b7f5b660.js"
    ]
  },
  "app/components/LazyLoaders.tsx -> ./Homepage": {
    "id": 1495,
    "files": [
      "static/chunks/937-512d4e0d6832c855.js",
      "static/chunks/181.955518b499966c82.js",
      "static/chunks/724.d1b5a36fa1c8ca57.js",
      "static/chunks/304.012f77fa29b600aa.js",
      "static/chunks/495.b1e372c65f0e7e92.js"
    ]
  },
  "app/components/LazyLoaders.tsx -> ./NavBar": {
    "id": 7721,
    "files": [
      "static/css/4f55211dd8fc8cb5.css",
      "static/chunks/937-512d4e0d6832c855.js",
      "static/chunks/181.955518b499966c82.js",
      "static/chunks/724.d1b5a36fa1c8ca57.js",
      "static/chunks/304.012f77fa29b600aa.js",
      "static/chunks/693.615e7cdf145e9d29.js",
      "static/chunks/721.638b568db8fe0f82.js"
    ]
  },
  "app/components/LazyLoaders.tsx -> ./Projects": {
    "id": 8580,
    "files": [
      "static/chunks/937-512d4e0d6832c855.js",
      "static/chunks/181.955518b499966c82.js",
      "static/chunks/724.d1b5a36fa1c8ca57.js",
      "static/chunks/304.012f77fa29b600aa.js",
      "static/chunks/580.518199dd5f36ba3e.js"
    ]
  },
  "app/components/LazyLoaders.tsx -> ./Resume": {
    "id": 818,
    "files": [
      "static/chunks/937-512d4e0d6832c855.js",
      "static/chunks/181.955518b499966c82.js",
      "static/chunks/369.79700cc1fdd6a47d.js",
      "static/chunks/818.9209bbb9035f1264.js"
    ]
  }
}